epoch,train_loss,val_score,val_loss,seconds
1,0.5643268919285414,0.5679282841265284,0.3548511695496105,86.92431220000435
2,0.540329822189813,0.5734078040126026,0.3637101562466187,80.29290980000223
3,0.5382146739567358,0.5660571852203742,0.3615201531171821,86.12012639999739
4,0.5369526830134594,0.5775979568930758,0.34944005803044104,86.91982920000737
5,0.5361054099488477,0.5750809437293033,0.35159289227144414,85.44713960000081
6,0.5353188081528073,0.5804473381835807,0.357699286586301,84.74815390000003
7,0.5350074499440538,0.5732968049686388,0.3560274233729067,85.63882339998963
8,0.5348601341304944,0.5820001385383852,0.34983418371588,84.85519270000805
9,0.5344115116277821,0.572303665167858,0.34818767489113334,81.40953250000894
10,0.5341269552880945,0.5798623968868011,0.34592433737413203,80.00518639999791
11,0.5338349519210132,0.5689334952948321,0.3590252465577103,80.64740240000538
12,0.533730812974581,0.5698925106725529,0.35029499427925465,84.70446619999711
