ticker,mae
A,0.008105364894109523
AAL,0.013612678902992064
AAP,0.018176720976925926
AAPL,0.009487690137185185
ABBV,0.010536466502666667
ABC,0.011902104027455026
ABT,0.007587990341280423
ACN,0.006385332852878307
ADBE,0.010357639137748148
ADI,0.010731587957603173
ADM,0.008051869728629629
ADP,0.008962576388433863
ADS,0.011497035146730158
ADSK,0.012532037273534392
AEE,0.00692305718389947
AEP,0.006421030756493121
AES,0.009841593116550265
AET,0.008073468904407407
AFL,0.006553004580190477
AGN,0.01210034077406508
AIG,0.007177676973524868
AIV,0.006987860982571428
AIZ,0.009012686095185185
AJG,0.00664755170862963
AKAM,0.010972750617878306
ALB,0.012542341310492065
ALGN,0.014092490804108203
ALK,0.013563448698550265
ALL,0.006403628562698413
ALLE,0.008487537650142858
ALXN,0.014942531639089948
AMAT,0.015191800939656084
AMD,0.02391517744447619
AME,0.006280093991597884
AMG,0.00911393194657672
AMGN,0.008761054581280424
AMP,0.009872021507492064
AMT,0.008677631317201059
AMZN,0.010009418482857142
ANDV,0.009709575453090476
ANSS,0.008755015120851853
ANTM,0.008901680258015873
AON,0.006574793739645503
AOS,0.0077646687232523805
APA,0.017589835604756614
APC,0.01291045917716402
APD,0.0061331546877301584
APH,0.006260187483756614
APTV,0.011811054961538463
ARE,0.006670941127571428
ARNC,0.013600753861772485
ATVI,0.013422848585915343
AVB,0.006691800037179894
AVGO,0.013053494783377247
AVY,0.007594975244111111
AWK,0.007152400051230688
AXP,0.006564294398190476
AYI,0.015017328718597883
AZO,0.01368540603989418
BA,0.009388583580243387
BAC,0.009842433381089947
BAX,0.007409295941542328
BBT,0.008009112591886244
BBY,0.014677854610656084
BDX,0.007920349114724869
BEN,0.008311707518419578
BF.B,0.009285004295880424
BHF,0.01216283415790991
BHGE,0.0155201229552562
BIIB,0.0121227125945291
BK,0.007879945462751323
BLK,0.008049148708649206
BLL,0.008545517790702487
BMY,0.008930337216230159
BRK.B,0.006257590511703704
BSX,0.008517141376402115
BWA,0.010782628054476192
BXP,0.008176929927962963
C,0.00863415671416402
CA,0.008226829509375661
CAG,0.00879255112605819
CAH,0.011372861308812963
CAT,0.008448955695555555
CB,0.007033087283174603
CBG,0.008597181016746032
CBOE,0.007501182297567725
CBS,0.012447816348539682
CCI,0.008109569655066666
CCL,0.009143203204998942
CDNS,0.00901857570778307
CELG,0.012364547095555557
CERN,0.00932684976512963
CF,0.017301936736973545
CFG,0.011142539164645504
CHD,0.007721502177037037
CHK,0.02505150035816402
CHRW,0.009245349203502645
CHTR,0.011931575795857142
CI,0.008536275385306878
CINF,0.007632594496223281
CL,0.006981460277306878
CLX,0.008009763387912698
CMA,0.010371907755396826
CMCSA,0.011056826120944444
CME,0.007596983433412698
CMG,0.01556809010936508
CMI,0.008140439979933068
CMS,0.0064113475229767205
CNC,0.013076354831518519
CNP,0.00687144104203545
COF,0.009848972791679365
COG,0.01234321210731746
COL,0.008026756732492063
COO,0.010403215258174604
COP,0.011758080956507938
COST,0.009021597899982275
COTY,0.013575079066301851
CPB,0.011451432028481482
CRM,0.00806581513796455
CSCO,0.008146356454761904
CSRA,0.009342650998708995
CSX,0.012002754733439154
CTAS,0.00819668442357672
CTL,0.01742838458137566
CTSH,0.0065418681799894185
CTXS,0.008191522127178308
CVS,0.010981582655608467
CVX,0.007910428137486773
CXO,0.011473968326084657
D,0.006400135077571428
DAL,0.01184872289510582
DE,0.00819680208958201
DFS,0.009129405459037036
DG,0.010994809143482538
DGX,0.007306432419435449
DHI,0.010130454084920635
DHR,0.0064742960328465615
DIS,0.008543952718158731
DISCA,0.01634859563230688
DISCK,0.016474500121238096
DISH,0.01174717269784656
DLR,0.010142331968678836
DLTR,0.010847245109208994
DOV,0.008500975907677248
DPS,0.007421405760002646
DRE,0.007620757704275133
DRI,0.010060780133777779
DTE,0.006376695106380953
DUK,0.005960261281290476
DVA,0.012555378587301587
DVN,0.01526442964232275
DWDP,0.009231823052782051
DXC,0.008553015114938587
EA,0.012123132345534391
EBAY,0.010310568928820105
ECL,0.0054985280654830685
ED,0.006350667619116402
EFX,0.012126957240797353
EIX,0.008307798011037036
EL,0.007176741372783069
EMN,0.0080223752255291
EMR,0.008098475750580423
EOG,0.010087194355455026
EQIX,0.008811146250338625
EQR,0.006656357466247195
EQT,0.015166450637153439
ES,0.00683194462695238
ESRX,0.010464883764851851
ESS,0.007574458075402117
ETFC,0.009786036793280424
ETN,0.008544886411820106
ETR,0.007630617344114815
EVHC,0.018559294394857144
EW,0.009373773078843914
EXC,0.007343709940172487
EXPD,0.0075821498292253965
EXPE,0.012213190191383599
EXR,0.009649767035417988
F,0.008891157567915343
FAST,0.011291693470592593
FB,0.009640137116957671
FBHS,0.007828999664328042
FCX,0.017213354050978836
FDX,0.008183213341169311
FE,0.008715881887888889
FFIV,0.009797297255396825
FIS,0.005865539124108466
FISV,0.006719836820037037
FITB,0.009876029220666667
FL,0.020657960084025928
FLIR,0.008835472957248677
FLR,0.012110076681201058
FLS,0.011703737863280423
FMC,0.010343564145957673
FOX,0.01340597699769312
FOXA,0.01345991652572857
FRT,0.009152928380955555
FTI,0.013805904635375663
FTV,0.007827760878148148
GD,0.007704889244550264
GE,0.011715987012137568
GGP,0.013206164620960319
GILD,0.010425717553391535
GIS,0.009162755772296296
GLW,0.00870957894280053
GM,0.009659356930555555
GOOG,0.008237994559484128
GOOGL,0.008080675012130688
GPC,0.00957991153020582
GPN,0.008652571364285714
GPS,0.015065621742269842
GRMN,0.007849183604539681
GS,0.010064726361827038
GT,0.010404299156113756
GWW,0.01403359672539418
HAL,0.012833445292751324
HAS,0.011301194502486773
HBAN,0.010003914135780952
HBI,0.012460452332222222
HCA,0.010692061154721693
HCN,0.007806945919730158
HCP,0.008877343892821693
HD,0.00801859584489418
HES,0.016683560149264552
HIG,0.007678777068486772
HII,0.009599260216804233
HLT,0.008082376519560846
HOG,0.012311883085709525
HOLX,0.009651887401793652
HON,0.006158571432877778
HP,0.01626373655978836
HPE,0.014052962649851852
HPQ,0.00920900913962963
HRB,0.013567847235167727
HRL,0.009112620955084656
HRS,0.007484552725370371
HSIC,0.011245044641084657
HST,0.009375772142687831
HSY,0.007389000129306878
HUM,0.00993284509668254
IBM,0.007211793922873015
ICE,0.008554085076830687
IDXX,0.011060303478449735
IFF,0.007189740667100529
ILMN,0.012354092711237566
INCY,0.017477891988142858
INFO,0.007360864080777778
INTC,0.009505356232910052
INTU,0.007482610194528042
IP,0.00904220820948148
IPG,0.011942574742417991
IQV,0.008587100268304762
IR,0.009071693294798943
IRM,0.009600746095433862
ISRG,0.01002202221768783
IT,0.008625002667727514
ITW,0.007323442271185185
IVZ,0.009374780596873016
JBHT,0.00951755338248148
JCI,0.009842578121687831
JEC,0.00975594372766984
JNJ,0.006307682687312169
JNPR,0.011394535053298412
JPM,0.007706074053132276
JWN,0.015837850898888887
K,0.009314199725730159
KEY,0.010101498981174602
KHC,0.006744939132179894
KIM,0.012901397724361163
KLAC,0.01318278364794709
KMB,0.008177184953650793
KMI,0.009295730238335978
KMX,0.011203559682438096
KO,0.005421462787693121
KORS,0.012170912746018519
KR,0.014762883757291003
KSS,0.015843309978009524
KSU,0.009905510913777777
L,0.00584618365026455
LB,0.018790941274865608
LEG,0.008839140110703704
LEN,0.01140964636870476
LH,0.008752052402686773
LKQ,0.007697913801962963
LLL,0.007875548325904763
LLY,0.007460099588460317
LMT,0.006634581029785715
LNC,0.010170101252714286
LNT,0.006717740270994709
LOW,0.010706991931565608
LRCX,0.015544361661232802
LUK,0.008609913761693122
LUV,0.010669373546962962
LYB,0.00931913280246455
M,0.01966124200689947
MA,0.007458240577521163
MAA,0.00722131880612328
MAC,0.013840938630248677
MAR,0.008872450364814814
MAS,0.008271281225359788
MAT,0.019156622645571428
MCD,0.006427705729349206
MCHP,0.011394226817913758
MCK,0.012218018443703705
MCO,0.0075410350722730154
MDLZ,0.007277432208915345
MDT,0.007505020226915344
MET,0.009854792739899471
MGM,0.011868865018402116
MHK,0.007154689744008995
MKC,0.008982350506597883
MLM,0.012476141686063492
MMC,0.006475651366333333
MMM,0.007078154344142857
MNST,0.008051339195037038
MO,0.008328211297767195
MON,0.0035219159151910055
MOS,0.014379582594172487
MPC,0.011713167293756615
MRK,0.009155464157396825
MRO,0.019577083969349207
MS,0.009718580597936509
MSFT,0.00812911344667725
MSI,0.008378224025386244
MTB,0.008660509512230689
MTD,0.00806711178218254
MU,0.01935563481638889
MYL,0.014796508977830688
NAVI,0.016785819651693967
NBL,0.015269210897377249
NCLH,0.012888255030770372
NDAQ,0.006894507592158729
NEE,0.007043198851968254
NEM,0.010297309315031746
NFLX,0.01450498855126455
NFX,0.01928865390525926
NI,0.007057072739638625
NKE,0.009949195829179894
NLSN,0.011790046921767196
NOC,0.007244458600733862
NOV,0.013266519450793652
NRG,0.015109528857357142
NSC,0.011012526912561639
NTAP,0.011701335679391535
NTRS,0.00868539329086349
NUE,0.011201665541486772
NVDA,0.018132812293719578
NWL,0.017668982235661376
NWS,0.00943220404525926
NWSA,0.00878890721736508
O,0.008088169626150794
OKE,0.010705277923954497
OMC,0.009428932550968255
ORCL,0.007886360381237037
ORLY,0.013836636385802646
OXY,0.008671359323349207
PAYX,0.008433174850047619
PBCT,0.00806153354855926
PCAR,0.009748803568706348
PCG,0.00917279131684127
PCLN,0.00843391615426455
PDCO,0.012599695824931216
PEG,0.006605691012619048
PEP,0.005562610103981481
PFE,0.006287422964497354
PFG,0.008268625056141798
PG,0.005570617063228572
PGR,0.007475322834386244
PH,0.008670395611373545
PHM,0.010154784833222222
PKG,0.00859822540111111
PKI,0.007435382476475662
PLD,0.008198168556529101
PM,0.008102478272433862
PNC,0.0076890273589365074
PNR,0.008817024324359789
PNW,0.006721061709164021
PPG,0.006998494939534391
PPL,0.006664909004873015
PRGO,0.012732203193116402
PRU,0.008786768904740741
PSA,0.00859086511053439
PSX,0.007838625476373016
PVH,0.008955326815365079
PWR,0.010894656421730159
PX,0.007713247959301587
PXD,0.012899223976507937
PYPL,0.011521583325492064
QCOM,0.010619083883095239
QRVO,0.014773273566328043
RCL,0.011098297038084655
RE,0.010158976260435978
REG,0.00917157728502328
REGN,0.01450165506405291
RF,0.010244456747619047
RHI,0.010382561514562962
RHT,0.009161784304329101
RJF,0.009343854515951693
RL,0.01291468406668783
RMD,0.009838347487383069
ROK,0.009029946514756615
ROP,0.006579791477550265
ROST,0.010873534175974604
RRC,0.022313782252605822
RSG,0.006358759639423281
RTN,0.006853654322879894
SBAC,0.009054726520936508
SBUX,0.00830949233067725
SCG,0.01591044033992963
SCHW,0.010094691597116403
SEE,0.0076495626454709
SHW,0.008030445286248676
SIG,0.02178145707656085
SJM,0.009637098717402117
SLB,0.010144294244010582
SLG,0.008639108220943386
SNA,0.00912048799999471
SNI,0.007251701718973545
SNPS,0.007351247386846561
SO,0.00679148456873545
SPG,0.010544277157033332
SPGI,0.007869384960164021
SRCL,0.010276952792492064
SRE,0.006848565083978836
STI,0.009145719632915343
STT,0.008597602191575661
STX,0.015065746747761904
STZ,0.006787294195804232
SWK,0.00757397728405291
SWKS,0.013021502181201058
SYF,0.01154036128310053
SYK,0.00766583361637037
SYMC,0.012883934233179895
SYY,0.008179272406978836
T,0.009246903720304763
TAP,0.008105616286619047
TDG,0.010083159650063492
TEL,0.007278742438433863
TGT,0.013490075309220107
TIF,0.010228482334634921
TJX,0.009404127652433862
TMK,0.005933367900859259
TMO,0.007848975308291534
TPR,0.010145690144931217
TRIP,0.017821041078338623
TROW,0.008824016896904761
TRV,0.007238302519354497
TSCO,0.013361994222042328
TSN,0.008653059935253967
TSS,0.007758010371325398
TWX,0.006052771170042328
TXN,0.009421375338269842
TXT,0.008441096936084656
UA,0.020513462922486774
UAA,0.02043390379152857
UAL,0.014216654056613756
UDR,0.006717160768169313
UHS,0.010605424001783067
ULTA,0.01518760414678836
UNH,0.007988360737558731
UNM,0.00812533559382381
UNP,0.009075237542727514
UPS,0.008092848952814815
URI,0.013257549187894182
USB,0.007017277893968253
UTX,0.006737702592590476
V,0.0071856220711269845
VAR,0.008521233019243386
VFC,0.008468878254916932
VIAB,0.01730102343248836
VLO,0.00895518496911799
VMC,0.012220078312526984
VNO,0.009191647364142857
VRSK,0.0062927625842301585
VRSN,0.007664238342100529
VRTX,0.013913970410492062
VTR,0.007793580305216932
VZ,0.008802122533973545
WAT,0.008089278986756614
WBA,0.010427568343851851
WDC,0.014644347605296296
WEC,0.006474080327219047
WFC,0.008641177053259258
WHR,0.01015151412136508
WLTW,0.0065152379601835985
WM,0.006032249700897883
WMB,0.009147388195091534
WMT,0.00777061350002963
WRK,0.009448406779042328
WU,0.008693994989384127
WY,0.007401554341798942
WYN,0.008989850048262962
WYNN,0.013762485715291007
XEC,0.012368378447513227
XEL,0.0064126199924476185
XL,0.011289505432613757
XLNX,0.010774085361566137
XOM,0.006255467260793651
XRAY,0.009945191604788359
XRX,0.01006686073158783
XYL,0.0072899328791904755
YUM,0.006688582063259259
ZBH,0.009314442013380952
ZION,0.010616809887554497
ZTS,0.006898842902253968
