model,month,n,rmse
pytorch,2017-05,7510,0.014130151830613613
pytorch,2017-06,11022,0.013660565949976444
pytorch,2017-07,10020,0.014685428701341152
pytorch,2017-08,11537,0.015023136511445045
pytorch,2017-09,10060,0.01671048253774643
pytorch,2017-10,11077,0.014467770233750343
pytorch,2017-11,10584,0.01734481379389763
pytorch,2017-12,10080,0.013271911069750786
pytorch,2018-01,10592,0.015732625499367714
pytorch,2018-02,2525,0.027375182136893272
keras,2017-05,7510,0.01412996556609869
keras,2017-06,11022,0.013660535216331482
keras,2017-07,10020,0.014685506001114845
keras,2017-08,11537,0.015022811479866505
keras,2017-09,10060,0.01671045459806919
keras,2017-10,11077,0.014467799104750156
keras,2017-11,10584,0.017344964668154716
keras,2017-12,10080,0.013271822594106197
keras,2018-01,10592,0.01573251560330391
keras,2018-02,2525,0.027375737205147743
zero_return,2017-05,7510,0.013759190182097751
zero_return,2017-06,11022,0.013420913520759411
zero_return,2017-07,10020,0.014495625105986319
zero_return,2017-08,11537,0.014751781684329321
zero_return,2017-09,10060,0.016522681732350726
zero_return,2017-10,11077,0.01425728693524121
zero_return,2017-11,10584,0.017010395733729682
zero_return,2017-12,10080,0.013081310716233143
zero_return,2018-01,10592,0.015719419186491522
zero_return,2018-02,2525,0.026733769315020466
train_mean_return,2017-05,7510,0.013762707936484004
train_mean_return,2017-06,11022,0.013414134470313347
train_mean_return,2017-07,10020,0.014482609089222874
train_mean_return,2017-08,11537,0.01477482066294603
train_mean_return,2017-09,10060,0.016496970634403554
train_mean_return,2017-10,11077,0.014253730140134426
train_mean_return,2017-11,10584,0.016976801645353035
train_mean_return,2017-12,10080,0.013072300117794367
train_mean_return,2018-01,10592,0.01567443236826747
train_mean_return,2018-02,2525,0.026891557747750046
